NCT Number,Study Title,Study URL,Study Status,Conditions,Interventions,Primary Outcome Measures,Secondary Outcome Measures,Sponsor,Phase,Enrollment,Study Type,Allocation,Intervention Model,Start Date,Primary Completion Date,Completion Date,Results First Posted,Last Update Posted
NCT06747949,A Long-term Extension Study of Dazodalibep in Participants With Sjögren's Syndrome (SS),https://clinicaltrials.gov/study/NCT06747949,RECRUITING,Sjögren's Syndrome,Dazodalibep,Number of Participants with Treatment-emergent Adverse Events (TEAEs),Number of Participants with Anti-drug Antibodies (ADAs) During the Study|Plasma Concentration of Dazodalibep,Amgen,PHASE3,844,INTERVENTIONAL,NA,SINGLE_GROUP,2025-02-25,2029-12-11,2029-12-11,,2026-04-28
NCT06104124,A Study to Evaluate the Efficacy and Safety of Dazodalibep in Participants With Sjögren's Syndrome (SS) With Moderate-to-severe Systemic Disease Activity,https://clinicaltrials.gov/study/NCT06104124,COMPLETED,Sjogren's Syndrome,Dazodalibep|Placebo,Change from baseline in European Alliance of Associations for Rheumatology Sjögren's Syndrome Disease Activity Index (ESSDAI) Score,Proportion of participants achieving ESSDAI response|Change from baseline in Diary for Assessing Sjogren's Patient-Reported Outcome Index (DASPRI) dryness domain score|Change from baseline in ESSPRI dryness domain score|Change from baseline in DASPRI dryness domain score|Change from baseline in tender and swollen joint counts|Change from baseline in Patient-Reported Outcomes Measurement Information System Fatigue-Short Form 10a (PROMIS-Fatigue-SF-10a)|Change from baseline in ESSDAI score|Change from baseline in DASPRI total score|Change from baseline in ESSPRI total score|Change from baseline in total stimulated salivary flow|Number of participants With Treatment Emergent Adverse Events (TEAEs)|Number of participants With Treatment Emergent Serious Adverse Events (TESAEs)|Number of participants With Adverse Events of Special Interest (AESIs),Amgen,PHASE3,651,INTERVENTIONAL,RANDOMIZED,PARALLEL,2024-01-24,2026-07-23,2026-08-17,,2026-09-14
NCT04129164,A Study to Evaluate the Efficacy and Safety of VIB4920 in Participants With Sjögren's Syndrome,https://clinicaltrials.gov/study/NCT04129164,COMPLETED,Sjögren's Syndrome,VIB4920|Placebo,Population 1: Change From Baseline in ESSDAI at Day 169|Population 2: Change From Baseline in ESSPRI at Day 169,Population 1: Change From Baseline in ESSPRI at Day 169|Population 1: Number of Participants Who Achieved ESSDAI[3] and ESSDAI[4] Response at Day 169|Change From Baseline in The Functional Assessment of Chronic Illness Therapy (FACIT)-Fatigue Score at Day 169|Change From Baseline in Ocular Surface Disease Index (OSDI) at Day 169|Patient Global Impression of Severity (PGIS) Score at Day 169|Population 2: Number of Participants Who Achieved ESSPRI Response at Day 169|Number of Participants Who Experience Treatment-emergent Adverse Events (TEAEs)|Serum Concentration of VIB4920,Amgen,PHASE2,183,INTERVENTIONAL,RANDOMIZED,PARALLEL,2019-12-09,2022-09-01,2023-03-10,2025-04-30,2025-04-30
NCT06245408,A Safety and Efficacy Study of Dazodalibep in Participants With Sjögren's Syndrome (SS) With Moderate-to-Severe Symptom State,https://clinicaltrials.gov/study/NCT06245408,ACTIVE_NOT_RECRUITING,Sjögren's Syndrome (SS),Dazodalibep|Placebo,Change from baseline in ESSPRI score|Change from baseline in Diary for Assessing Sjogren's Patient Reported Index (DASPRI ) score,Proportion of participants achieving meaningful improvement in DASPRI|Proportion of participants achieving ESSPRI [1.5] response|Change from baseline in Patient-Reported Outcomes Measurement Information System Fatigue-Short Form 10a (PROMIS-Fatigue SF-10a)|Change from baseline in DASPRI Dryness|Change from baseline in ESSPRI Dryness|Change from baseline in DASPRI Pain|Change from baseline in ESSPRI Pain|Change from baseline in 36-item Short Form Survey (SF-36) Physical Component Summary (PCS) score|Change from baseline in DASPRI total score|Change from baseline in ESSPRI total score|Change from baseline in DASPRI Fatigue|Change from baseline in ESSPRI fatigue domain score|Change from baseline in total stimulated salivary flow|Number of participants With Treatment Emergent Adverse Events (TEAEs)|Number of participants With Treatment Emergent Serious Adverse Events (TESAEs)|Number of participants With Adverse Events of Special Interest (AESIs),Amgen,PHASE3,434,INTERVENTIONAL,RANDOMIZED,PARALLEL,2024-04-08,2026-10-22,2026-12-17,,2026-01-08
NCT02149420,PD of VAY736 in Patients With Primary Sjögren's Syndrome,https://clinicaltrials.gov/study/NCT02149420,COMPLETED,Primary Sjögren's Syndrome,VAY736|Placebo,Change in EULAR Sjögren's Syndrome Disease Activity Index (ESSDAI)|Overall Incidence of Adverse Events,Change in EULAR Sjögren's Syndrome Patient Response Index (ESSPRI)|Change in Short Form (36) Health Survey (SF-36)|Change in Multidimensional Fatigue Inventory (MFI)|Change in the Physician's Global Assessment of Overall Disease Activity by Means of Visual Analog Scale (VAS)|Change in the Patient's Global Assessment of Overall Disease Activity by Means of Visual Analog Scale (VAS)|VAY736 Serum Concentration - AUCinf|VAY736 Serum Concentration - AUClast|VAY736 Serum Concentration - CL|VAY736 Serum Concentration - Cmax|VAY736 Serum Concentration - T1/2|VAY736 Serum Concentration - Tmax|VAY736 Serum Concentration - Vz,Novartis Pharmaceuticals,PHASE2,27,INTERVENTIONAL,RANDOMIZED,PARALLEL,2014-05-23,2018-02-07,2018-02-07,2019-02-12,2021-10-04
NCT06293365,Two-period Crossover Study to Demonstrate the Comparability of Pharmacokinetics of Subcutaneous Ianalumab Between 2mL Auto-injector/2mL PFS with1mL Pre-filled Syringe in Adult Participants With Autoimmune Disease,https://clinicaltrials.gov/study/NCT06293365,ACTIVE_NOT_RECRUITING,Sjögrens Disease; Systemic Lupus Erythematosus; Rheumatoid Arthritis,VAY736 1ml PFS|VAY736 2 ml PFS|VAY736 2ml AI,Cohort 1: Area under the curve (AUC) calculated to the end of a dosing interval (tau) at steady-state (AUCtau) for ianalumab|Cohort 1: Maximum (peak) observed serum drug concentration after dose administration (Cmax) for ianalumab|Cohort 2: Area under the curve (AUC) calculated to the end of a dosing interval (tau) at steady-state (AUCtau) for ianalumab|Cohort 2: Maximum (peak) observed serum drug concentration after dose administration (Cmax) for ianalumab,Cohort 1: Time to reach maximum (peak) serum drug concentration following dose administration (Tmax) for ianalumab|Cohort 2: Time to reach maximum (peak) serum drug concentration following dose administration (Tmax) for ianalumab|Cohort 1: Concentration at the end of a dosing interval (Ctrough) for ianalumab|Cohort 2: Concentration at the end of a dosing interval (Ctrough) for ianalumab|Incidence and severity of Adverse Events (AEs) and Serious Adverse Events (SAEs)|Anti-ianalumab antibodies (ADA)|Incidence of ADA positive participants,Novartis Pharmaceuticals,PHASE2,155,INTERVENTIONAL,RANDOMIZED,CROSSOVER,2024-07-02,2026-02-17,2029-01-16,,2026-06-05
NCT02495129,Study of Pharmacodynamic Effects of VAY736 in Patients With Primary Sjögren's Syndrome,https://clinicaltrials.gov/study/NCT02495129,WITHDRAWN,Primary Sjögren's Syndrome,VAY736 lower dose|VAY736 higher dose,"Part 1: To determine the feasibility of measuring major salivary gland infiltrating B cells in pSS patients using [Zr- 89]rituximab PET/CT imaging|Part 2: To define the normal range of PET/CT imaging values for major salivary gland tissue, cervical lymph nodes and spleen in healthy volunteers with [Zr-89]-rituximab|Part 3: To compare the effect of two different VAY736 s.c. dose regimes on salivary gland-infiltrating B cells in pSS patients, using [Zr-89]-rituximab PET/CT imaging",Safety of multiple s.c. dosing of VAY736 in pSS patients as measured by safety assessments|To asses the pharmacokinetiks of VAY736 in pSS patients|To assess the pharmacokinetiks of VAY736 in pSS patients|Assess the pharmacodynamic effect of VAY736 on circulating CD19+ B-cells in pSS|Asses effect of two different VAY736 dose levels on target tissue structure and function in pSS|Asses effect of two different VAY736 dose levels on target tissue structure and function in pSS|Asses effect of two different VAY736 dose levels on target tissue structure and function in pSS|Asses effect of two different VAY736 dose levels on target tissue structure and function in pSS|To evaluate the effect of two different VAY736 dose levels (s.c. q4w) on pSS disease activity|To evaluate the effect of on self-reported outcomes in pSS patients|To evaluate the change in the physician global assessment of patients's overall disease activity|To evaluate the change in the patients global assessment of their disease activity|To assess the immunogenicity of VAY736|To assess the immunogenicity of a micodose of rituximab|To asses the pharmacokinetiks of VAY736 in pSS patients|To asses the pharmacokinetiks of VAY736 in pSS patients|To asses the pharmacokinetiks of VAY736 in pSS patients,Novartis Pharmaceuticals,PHASE1|PHASE2,0,INTERVENTIONAL,RANDOMIZED,PARALLEL,2015-12,2017-09,2017-09,,2017-04-20
NCT07621809,"Two Arm, Double-blind, Phase III Study Assessing Efficacy and Safety of Ianalumab Versus Placebo, in Participants With Sjögren's Disease With High Symptom Burden",https://clinicaltrials.gov/study/NCT07621809,RECRUITING,Sjögren´s Disease,VAY736|Placebo,Change from baseline in SSSD oral dryness score,Change from baseline in SSSD summary score|Change from baseline in ESSPRI score|Change from baseline in stimulated whole salivary flow (sSF)|Change from baseline in Patient's Global Assessment (PaGA) NRS score|Proportion of participants achieving SSSD response|Proportion of participants achieving ESSPRI response|Change from baseline in SSSD eye dryness score|Change from baseline in FACIT-Fatigue score|Change from baseline in Sjögren's-Related Quality of Life (SRQoL) score,Novartis Pharmaceuticals,PHASE3,570,INTERVENTIONAL,RANDOMIZED,PARALLEL,2026-07-16,2029-08-14,2033-08-13,,2026-09-09
NCT07244289,"Managed Access Programs for VAY736, Ianalumab",https://clinicaltrials.gov/study/NCT07244289,AVAILABLE,Primary Immune Thrombocytopenia; Sjögren's Syndrome,ianalumab,,,Novartis Pharmaceuticals,,,EXPANDED_ACCESS,,,,,,,2026-03-23
NCT05349214,Three-arm Study to Assess Efficacy and Safety of Ianalumab (VAY736) in Patients With Active Sjogren's Syndrome,https://clinicaltrials.gov/study/NCT05349214,ACTIVE_NOT_RECRUITING,Sjogren Syndrome,VAY736|Placebo,Plan A and B - Change from baseline in ESSDAI score at Week 48,Change from baseline in SSSD score at Week 48|Percentage of participants achieving ESSDAI response at Week 48**|Percentage of participants achieving ESSDAI score <5 at Week 48|Percentage of participants achieving SSSD response at Week 48**|Change from baseline in stimulated whole salivary flow rate at Week 48|Change from baseline in PhGA at Week 48|Change from baseline in PaGA at Week 48|Change from baseline in FACIT-F score at Week 48|Change from baseline in ESSPRI score at Week 48|Percentage of participants achieving ESSPRI response at Week 48**,Novartis Pharmaceuticals,PHASE3,506,INTERVENTIONAL,RANDOMIZED,PARALLEL,2022-08-04,2025-05-13,2027-04-15,,2026-06-17
NCT02962895,Safety and Efficacy of VAY736 in Patients With Primary Sjogren's Syndrome (pSS),https://clinicaltrials.gov/study/NCT02962895,COMPLETED,Primary Sjogren Syndrome,VAY736|Placebo,Least Squares Mean Change From Baseline in ESSDAI Score at Week 24,"Least Squares Mean Change From Baseline in ESSDAI Score at Weeks 4, 8, 12, and 16|Least Squares Mean Change From Baseline in ESSPRI Score at Week 24|Least Squares Mean Change From Baseline in ESSPRI Score at Weeks 4, 8, 12 and 16|Least Squares Mean Change From Baseline in Functional Assessment of Chronic Illness Therapy - Fatigue Scale (FACIT-F) Score Over 24 Weeks|Least Squares Mean Change From Baseline in Functional Assessment of Chronic Illness Therapy - Fatigue Scale (FACIT-F) Score at Weeks 4, 8, 12 and 16|Least Squares Mean Change From Baseline in 36-Item Short Form Health Survey (SF-36) Physical Component (PCS) and Mental Component (MCS) Over 24 Weeks|Least Squares Mean Change From Baseline in 36-Item Short Form Health Survey (SF-36) Physical Component (PCS) and Mental Component (MCS) at Weeks 4, 8, 12 and 16|Least Squares Mean Change From Baseline in Physician's Global Assessment (PhGA) of Patient's Overall Disease Activity Using Patient Visual Analog Scale (VAS) Over 24 Weeks|Least Squares Mean Change From Baseline in Physician's Global Assessment (PhGA) of Patient's Overall Disease Activity Using Patient Visual Analog Scale (VAS) at Weeks 4, 8, 12 and 16|Patient's Global Assessment (PaGA) Score at Weeks 4, 8, 12, 16 and 24|Least Squares Mean Change From Baseline in Salivary Flow Rate at Week 24|Percent Change From Baseline in Whole Blood CD19+ B-cell Counts.|Kaplan-Meier Analysis for Time to Recovery to Baseline Like Values for B-cell Counts|Peak Serum Concentration of VAY736",Novartis Pharmaceuticals,PHASE2,190,INTERVENTIONAL,RANDOMIZED,PARALLEL,2017-06-27,2020-06-30,2021-09-23,2024-10-29,2025-01-07
NCT06411639,Pharmacokinetics Study of Ianalumab in Chinese Participants With Autoimmune Diseases,https://clinicaltrials.gov/study/NCT06411639,WITHDRAWN,Sjogren Disease; Systemic Lupus Erythematosus,ianalumab,Area Under the Curve (AUC) calculated to the end of a dosing interval (tau) at steady-state (AUCtau) of ianalumab after the 3rd dose|Observed maximum blood concentration (Cmax)of ianalumab after the 3rd dose|Time of maximum observed drug concentration occurrence (Tmax) of ianalumab after the 3rd dose,Ctrough of ianalumab at the end of dosing interval|Incidence and severity of adverse events (AEs) and serious adverse events (SAEs)|Anti-ianalumab antibodies (ADA)|Presence of anti-drug antibodies (ADA),Novartis Pharmaceuticals,PHASE1,0,INTERVENTIONAL,NA,SINGLE_GROUP,2024-11-25,2025-12-17,2028-06-24,,2025-01-27
NCT05124925,Biopsy Based Study to Understand Mechanism of Action of Ianalumab in Salivary Glands and Explore Relationships With Clinical Assessments.,https://clinicaltrials.gov/study/NCT05124925,COMPLETED,Sjogren Syndrome,Ianalumab,Change in logarithm of salivary gland B/B+T cell ratio,Number of participants with Adverse Events|Change from baseline in disease activity at salivary gland level by ultrasound imaging|Incidence of ADA positive patients|Change of salivary flow|Serum ianalumab concentrations PK parameters Tmax|Serum ianalumab concentrations AUCinf|Serum ianalumab concentrations C-max|Serum ianalumab concentrations PK parameters AUC from dosing to the time of the last measurable concentrations (AUClast)|Serum ianalumab concentrations PK parameters half life (T1/2)|Serum ianalumab concentrations PK parameters AUC calculated to the end of a dosing interval (tau) at steady state,Novartis Pharmaceuticals,PHASE2,21,INTERVENTIONAL,NA,SINGLE_GROUP,2022-07-27,2024-06-26,2026-01-05,,2026-02-02
NCT05985915,"A Randomized, Double-blind 2-arm, Followed by an Open-label 1-arm, NEPTUNUS Extension Study to Assess the Long-term Safety and Efficacy of Ianalumab in Patients With Sjogrens Syndrome.",https://clinicaltrials.gov/study/NCT05985915,ACTIVE_NOT_RECRUITING,Sjogrens Syndrome,Ianalumab (VAY736)|Placebo,Number of Treatment-emergent AEs (TEAEs)/SAEs,Percentage of participants achieving ≥ 5 points reduction from baseline in ESSDAI|Percentage of participants achieving ≥2.3 points reduction from baseline in ESSPRI among participants with baseline ESSPRI ≥3 score over time|Percentage of participants achieving ≥2.0 points reduction from baseline in SSSD among participants with baseline SSSD ≥3|Pre-dose Ianalumab serum concentrations|On-treatment Ianalumab serum concentrations|B-cell count measurement,Novartis Pharmaceuticals,PHASE3,612,INTERVENTIONAL,RANDOMIZED,PARALLEL,2023-10-27,2033-04-22,2033-04-22,,2026-08-19
NCT05350072,Two-arm Study to Assess Efficacy and Safety of Ianalumab (VAY736) in Patients With Active Sjogren's Syndrome,https://clinicaltrials.gov/study/NCT05350072,COMPLETED,Sjogren Syndrome,VAY736|Placebo,Change from baseline in EULAR Sjogren Syndrome Disease Activity Index (ESSDAI) score at Week 48 as compared to placebo,Achieving ESSDAI response at Week 48|Achieving ESSDAI score <5 at Week 48|Achieving ESSDAI response at Week 24|Achieving SSSD response at Week 48|Change from baseline in stimulated whole salivary flow rate at Week 48|Change from baseline in Physician's Global Assessment (PhGA) of disease activity at Week 48|Change from baseline in Patient's Global Assessment (PaGA) of disease activity at Week 48|Change from baseline in Functional Assessment of Chronic Illness Therapy-Fatigue (FACIT-F) score at Week 48|Achieving EULAR Sjögren Syndrome Patient Reported Index (ESSPRI) response at Week 48,Novartis Pharmaceuticals,PHASE3,275,INTERVENTIONAL,RANDOMIZED,PARALLEL,2022-07-28,2025-05-07,2026-06-02,,2026-07-07
NCT04541589,Study of Safety and Tolerability of CFZ533 in Patients With Sjögren's Syndrome,https://clinicaltrials.gov/study/NCT04541589,COMPLETED,Sjogren's Syndrome,Iscalimab|Placebo,Number of Participants With Treatment-emergent Adverse Events (TEAEs),Free Iscalimab Concentration in Plasma|Incidence of Anti-iscalimab Antibodies in Plasma,Novartis Pharmaceuticals,PHASE2,206,INTERVENTIONAL,NON_RANDOMIZED,PARALLEL,2021-01-05,2024-08-19,2024-08-19,2025-06-29,2025-10-16
NCT03905525,Study of Safety and Efficacy of Multiple Doses of CFZ533 in Two Distinct Populations of Patients With Sjogren's Syndrome,https://clinicaltrials.gov/study/NCT03905525,COMPLETED,Sjögren Syndrome,CFZ533|Placebo,Cohort 1: Change in EULAR Sjögren Syndrome Disease Activity Index (ESSDAI) Score From Baseline at 24 Weeks as Compared to Placebo|Cohort 2: Change in EULAR Sjögren Syndrome Patient Reported Index (ESSPRI) Score From Baseline at 24 Weeks as Compared to Placebo.,"Cohort 1: Change From Baseline in ESSPRI at Week 24|Cohort 1: Change From Baseline in Score of Functional Assessment of Chronic Illness Therapy - Fatigue (FACIT-F) Questionnaire at Week 24|Cohort 1: Change From Baseline in Physician Global Assessment (PhGA) at Week 24|Cohort 2: Change From Baseline in Score of Functional Assessment of Chronic Illness Therapy - Fatigue (FACIT-F) Questionnaire at Week 24|Cohort 2: Change From Baseline in Physician Global Assessment (PhGA) at Week 24|Cohort 2: Change From Baseline in ESSDAI at Week 24|Cohort 2: Proportion of Subjects With at Least 12 Points Improvement Measured by Score of Impact of Dry Eye on Everyday Life (IDEEL) Questionnaire Symptom Bother Module at Week 24.|Cohort 1: Incidence of Adverse Events (AEs), Serious Adverse Events (SAEs) up to Week 24|Cohort 1: Incidence of Adverse Events (AEs), Serious Adverse Events (SAEs) in All Study Periods|Cohort 2: Incidence of Adverse Events (AEs), Serious Adverse Events (SAEs) up to Week 24|Cohort 2: Incidence of Adverse Events (AEs), Serious Adverse Events (SAEs) in All Study Periods|Cohort 1: Change From Baseline in Serum Free Light Kappa (FLCκ) Chains Levels|Cohort 2: Change From Baseline in Serum Free Light Kappa (FLCκ) Chains Levels|Cohort 1: Change From Baseline in Immunoglobulin G (IgG) Levels|Cohort 2: Change From Baseline in Immunoglobulin G (IgG) Levels|Cohort 1: Change From Baseline in Immunoglobulin M (IgM) Levels|Cohort 2: Change From Baseline in Immunoglobulin M (IgM) Levels|Cohort 1: Change From Baseline in Plasma CXCL-13 Levels|Cohort 2: Change From Baseline in Plasma CXCL-13 Levels",Novartis Pharmaceuticals,PHASE2,273,INTERVENTIONAL,RANDOMIZED,PARALLEL,2019-10-01,2022-09-28,2023-06-06,2026-05-18,2026-05-18
NCT02291029,"Safety, Pharmacokinetics and Preliminary Efficacy Study of CFZ533 in Patients With Primary Sjögren's Syndrome",https://clinicaltrials.gov/study/NCT02291029,COMPLETED,Primary Sjögren's Syndrome,CFZ533 active - Cohort 1|CFZ533 placebo- Cohort 1|CFZ533 active - Cohort 2|CFZ533 placebo - Cohort 2|CFZ533 active -Cohort 3|CFZ533 active - Cohort 3,Change From Baseline in EULAR Sjögren's Syndrome Disease Activity Index (ESSDAI),Change From Baseline in EULAR Sjögren's Syndrome Patient Reported Intensity (ESSPRI)|Change From Baseline in Physician Global Assessment of the Patient's Overall Disease Activity (VAS)|Change From Baseline in Patient's Global Assessment of Their Disease Activity (VAS)|Change From Baseline in Short Form (36) Health Survey (SF-36) Physical Component Score|Change From Baseline in Short Form (36) Health Survey (SF-36) Mental Component Score|Change From Baseline in Multidimensional Fatigue Inventory (MFI),Novartis Pharmaceuticals,PHASE2,69,INTERVENTIONAL,RANDOMIZED,PARALLEL,2014-10-22,2018-06-29,2018-06-29,2019-08-14,2021-01-05
